[
  {
    "PROPER_NAME": "This is displayed in the tooltip.",
    "NAMES": [
      "these",
      "are",
      "detected",
      "in",
      "the",
      "text"
    ],
    "DESCRIPTION": "This is displayed in the tooltip. Spaces should not be used be avoided in NAMES, with the exception of multi-word keywords (see next entry)."
  },
  {
    "PROPER_NAME": "Multiword Keyword",
    "NAMES": [
      "multiword keyword",
      "multiword_keyword",
      "multiword_keywords"
    ],
    "DESCRIPTION": "Make sure the first element in NAMES has no underscores. The rest should use _ in the place of spaces. In card text, you'll use the underscore versions."
  },
  {
    "PROPER_NAME": "Pink",
    "NAMES": [
      "pink"
    ],
    "DESCRIPTION": "Using the COLOR field, this keyword is colored pink instead of the normal keyword color.",
    "COLOR": "fc83da"
  }
]